id;id_eleve;motif;etat
1;Michigan parse Azerbaijan;../fake-data/blob/hipster.txt;true
2;protocol implement;../fake-data/blob/hipster.txt;false
3;New Taiwan Dollar one-to-one Supervisor;../fake-data/blob/hipster.txt;true
4;mission-critical Loaf Officer;../fake-data/blob/hipster.txt;true
5;payment;../fake-data/blob/hipster.txt;false
6;Interactions;../fake-data/blob/hipster.txt;true
7;Money Market Account;../fake-data/blob/hipster.txt;false
8;circuit Georgia;../fake-data/blob/hipster.txt;false
9;Buckinghamshire invoice Sports;../fake-data/blob/hipster.txt;true
10;mindshare Tasty Granite Car orchestration;../fake-data/blob/hipster.txt;true
