id;nom;prenom;adresse;telephone;email
1;web-readin;Ergonomic software e;../fake-data/blob/hipster.txt;197.254.2;Magnolia.Lockman74@hotmail.com
2;Markets Sp;generate;../fake-data/blob/hipster.txt;552.830.9;Andreanne.Hegmann@gmail.com
3;Pants COM ;supply-chains South ;../fake-data/blob/hipster.txt;(483) 714;May_Price21@gmail.com
4;Secured 10;Fantastic Steel;../fake-data/blob/hipster.txt;437-900-7;Eliane_Hamill52@yahoo.com
5;Lead withd;Car synergies method;../fake-data/blob/hipster.txt;1-591-856;Lucinda5@hotmail.com
6;sensor;fuchsia Netherlands ;../fake-data/blob/hipster.txt;1-007-679;Kendrick.Harber15@yahoo.com
7;National o;Generic Granite Car ;../fake-data/blob/hipster.txt;875.001.6;Tyra.Paucek74@gmail.com
8;Persistent;interface;../fake-data/blob/hipster.txt;1-102-209;Joey.Haley55@yahoo.com
9;Chips over;bluetooth;../fake-data/blob/hipster.txt;1-699-204;Juliet82@yahoo.com
10;Automotive;Strategist extensibl;../fake-data/blob/hipster.txt;878.000.3;Florencio.Waters58@gmail.com
